{
    "rmse": 0.6818818063037076,
    "mae": 0.5346176391331329,
    "r2": 0.23913016985035918
}